grid_value, export_value, descriptive_name, fuel_type, r, g, b, h, s, l
1,1,Spruce-Lichen Woodland,C-1,209,255,115,57,255,185
2,2,Boreal Spruce,C-2,34,102,51,95,128,68
3,3,Mature Jack or Lodgepole Pine,C-3,131,199,149,96,96,165
4,4,Immature Jack or Lodgepole Pine,C-4,112,168,0,57,255,84
5,5,Red and White Pine,C-5,223,184,230,206,122,207
6,6,Conifer Plantation,C-6,172,102,237,192,201,170
7,7,Ponderosa Pine - Douglas-Fir,C-7,112,12,242,188,231,127
11,11,Leafless Aspen,D-1,196,189,151,35,70,174
12,12,Green Aspen (with BUI Thresholding),D-2,137,112,68,27,86,103
13,13,Aspen,D-1/D-2,196,189,151,35,70,174
21,21,Jack or Lodgepole Pine Slash,S-1,251,190,185,3,227,218
22,22,White Spruce - Balsam Slash,S-2,247,104,161,-272,229,176
23,23,Coastal Cedar - Hemlock - Douglas-Fir Slash,S-3,174,1,126,-285,252,88
31,31,Matted Grass,O-1a,255,255,190,42,255,223
32,32,Standing Grass,O-1b,230,230,0,42,255,115
40,40,Boreal Mixedwood - Leafless,M-1,255,211,127,28,255,191
50,50,Boreal Mixedwood - Green,M-2,255,170,0,28,255,128
60,60,Boreal Mixedwood,M-1/M-2,255,211,127,28,255,191
70,70,Dead Balsam Fir Mixedwood - Leafless,M-3,99,0,0,0,255,50
80,80,Dead Balsam Fir Mixedwood - Green,M-4,170,0,0,0,255,85
90,90,Dead Balsam Fir Mixedwood,M-3/M-4,99,0,0,0,255,50
100,100,Not Available,Non-fuel,255,255,255,170,0,255
101,101,Non-fuel,Non-fuel,130,130,130,170,0,130
102,102,Water,Non-fuel,115,223,255,138,255,185
103,103,Unknown,Non-fuel,0,0,0,170,0,0
104,104,Unclassified,Non-fuel,166,166,166,170,0,166
105,105,Vegetated Non-Fuel,Non-fuel,204,204,204,170,0,204
